bucket_size,throughput,wa,pm_w,pm_r,pm_bw_w,pm_bw_r
64,5.779742,4.03,770.9,772.9,388.7,389.7
128,6.919639,2.02,386.2,386.5,236.7,236.8
192,6.909656,2.02,386.4,386.8,238.5,238.7
256,8.395678,1.01,194.0,2.6,143.0,2.0
320,8.087723,1.62,309.7,4.2,221.4,3.0
384,8.256472,1.35,258.6,5.1,188.2,3.7
448,8.190377,1.45,277.1,5.5,200.5,4.0
512,8.045350,1.02,198.9,20.6,142.0,14.7
