bucket_size,throughput,wa,pm_w,pm_r,pm_bw_w,pm_bw_r
64,4.233844,4.03,2462.7,2432.3,976.9,964.8
128,4.234297,4.03,2460.8,2482.5,975.7,984.4
192,4.149071,4.03,2462.3,2501.8,961.8,977.3
256,4.180212,4.03,2462.7,2479.5,968.4,975.0
320,4.164749,4.03,2461.7,2505.0,965.0,982.0
384,4.159405,4.03,2461.9,2480.4,963.2,970.4
448,4.166941,4.03,2462.1,2506.4,965.5,982.9
512,4.799706,4.03,2462.2,2474.4,1102.2,1107.6
