bucket_size,throughput,wa,pm_w,pm_r,pm_bw_w,pm_bw_r
64,2.644702,4.03,2464.3,3543.8,626.6,901.0
128,2.745258,4.03,2462.0,3390.4,648.9,893.6
192,2.736406,4.03,2462.5,3638.4,647.0,956.0
256,2.614056,4.03,2462.1,3313.5,618.9,833.0
320,2.521542,4.03,2464.3,4078.0,598.4,990.3
384,2.471561,4.03,2463.6,3876.0,586.7,923.1
448,2.356934,4.03,2463.3,4278.7,560.3,973.3
512,2.474158,4.03,2463.6,3410.4,587.6,813.4
