bucket_size,throughput,wa,pm_w,pm_r,pm_bw_w,pm_bw_r
64,1.446722,1.02,625.0,1251.5,88.5,177.1
128,1.368251,0.51,321.0,696.7,43.0,93.4
192,1.395550,0.52,321.4,1532.1,43.9,209.3
256,1.201500,0.52,323.2,1236.6,38.1,145.9
320,1.327620,0.51,319.1,1145.6,41.5,149.1
384,1.293657,0.52,321.9,1046.2,40.8,132.7
448,1.327644,0.52,321.7,980.1,41.9,127.5
512,1.250158,0.52,322.2,888.7,39.5,109.0
