bucket_size,throughput,wa,pm_w,pm_r,pm_bw_w,pm_bw_r
64,1.571792,1.02,624.6,619.6,95.9,95.1
128,1.598629,0.51,316.8,310.0,49.4,48.3
192,1.613944,0.51,316.9,887.1,49.9,139.7
256,1.355035,0.52,321.6,1049.6,42.7,139.3
320,1.496995,0.51,317.7,910.1,46.5,133.2
384,1.430484,0.51,318.1,865.8,44.5,121.2
448,1.461970,0.51,320.6,770.7,45.8,110.2
512,1.370128,0.51,318.8,726.1,42.8,97.5
