bucket_size,throughput,wa,pm_w,pm_r,pm_bw_w,pm_bw_r
64,18.931793,4.05,816.2,968.2,665.8,789.7
128,21.361953,4.02,802.2,594.6,693.4,513.9
192,19.655131,3.73,748.5,469.3,615.1,385.6
256,23.969434,1.96,396.8,221.1,354.3,197.4
320,22.523537,3.58,583.1,335.1,507.1,291.4
384,26.920364,2.90,490.9,285.1,460.5,267.4
448,25.209110,3.42,597.3,304.8,548.0,279.7
512,26.301324,2.07,366.8,220.4,340.3,204.4
576,25.090388,3.36,531.8,260.1,484.3,236.8
640,26.232880,3.58,579.1,254.7,535.2,235.4
