bucket_size,throughput,wa,pm_w,pm_r,pm_bw_w,pm_bw_r
64,11.222148,4.03,615.8,618.7,590.4,593.2
128,12.389655,2.02,308.4,309.3,320.5,321.5
192,15.573789,2.02,308.2,310.4,388.7,391.5
256,19.702027,1.01,154.5,155.2,234.8,235.8
320,20.027478,1.61,246.6,251.2,378.7,385.9
384,22.083555,1.34,205.5,208.7,339.7,345.0
448,22.887756,1.44,220.1,230.3,374.4,391.6
512,25.827447,1.01,154.3,157.7,285.3,291.5
