bucket_size,throughput,wa,pm_w,pm_r,pm_bw_w,pm_bw_r
64,3.468776,4.04,619.2,618.9,204.1,204.0
128,3.963405,2.03,311.4,310.9,116.4,116.2
192,4.139338,2.03,311.1,312.6,121.1,121.7
256,4.651193,1.02,157.1,156.4,68.3,68.0
320,4.103200,1.62,249.5,253.5,96.4,98.0
384,4.293782,1.35,211.4,229.4,85.2,92.4
448,3.599107,1.49,254.6,417.9,86.9,142.7
512,3.775920,1.13,182.4,338.9,65.1,121.0
